SKU_ID,Units_Sold,Inventory_On_Hand,Reorder_Point,Reorder_Needed,Supplier_Lead_Time_Days,7D_MA_Units_Sold,Reorder_Rate (%),Restock_Recommendation
SKU_1001,969,120.41666666666667,44.666666666666664,0,9.0,20.023809523809526,0.0,False
SKU_1002,670,129.02857142857144,43.2,0,9.942857142857143,19.413793103448278,0.0,False
SKU_1003,771,117.1951219512195,44.09756097560975,0,8.75609756097561,18.951020408163266,0.0,False
SKU_1004,949,125.74468085106383,43.723404255319146,0,9.595744680851064,20.177700348432058,0.0,False
SKU_1005,574,116.20689655172414,45.13793103448276,0,9.10344827586207,20.180124223602483,0.0,False
